Point,x,y
NO,120.88470458984378,151.45494079589844
SO,150.98472595214844,606.4854736328126
SE,1183.2792968750002,615.9611206054689
NE,1214.1993408203127,142.3652801513672
