Point,x,y
NO,50.886493682861335,130.09503173828128
SO,96.59712982177736,625.3035888671874
SE,1208.435302734375,624.6379394531251
NE,1244.6716308593755,114.1641845703125
