Point,x,y
NO,92.01340484619139,139.0355072021485
SO,131.4403381347656,603.1897583007814
SE,1173.62548828125,603.6847534179688
NE,1205.3363037109375,125.71712493896484
