Point,x,y
NO,36.7932319641113,138.76068115234375
SO,79.50967407226562,622.1905517578124
SE,1163.872436523438,623.8520507812498
NE,1196.78955078125,127.15371704101564
