Point,x,y
NO,63.10219955444334,148.89477539062497
SO,97.43551635742188,607.9218139648438
SE,1128.9831542968748,619.6342163085939
NE,1163.3746337890627,148.7314453125
