Point,x,y
NO,40.66101074218749,143.01467895507815
SO,83.51508331298827,622.7393188476561
SE,1166.590698242188,627.1179809570312
NE,1198.0123291015625,126.78589630126955
