Point,x,y
NO,36.98227691650391,138.75143432617188
SO,79.54953002929688,622.1621093749999
SE,1164.2249755859375,623.9578857421876
NE,1197.1396484374995,127.28936004638673
