Point,x,y
NO,67.60011291503908,145.67105102539062
SO,107.05377197265625,605.6858520507814
SE,1139.4241943359373,607.7521972656249
NE,1169.042602539063,135.18064880371097
