Point,x,y
NO,92.11444091796871,139.23791503906253
SO,131.62594604492188,603.1624755859373
SE,1173.6558837890623,603.8725585937499
NE,1205.39453125,126.05181884765625
