Point,x,y
NO,120.70319366455081,151.59078979492185
SO,151.2888336181641,606.0540161132814
SE,1183.4937744140627,615.8923950195311
NE,1215.3320312500002,142.52981567382812
