Point,x,y
NO,53.6781425476074,105.14998626708984
SO,39.618946075439446,612.0414428710939
SE,1213.2524414062498,608.5849609375
NE,1193.8382568359375,96.95656585693361
