device,id,mobile,stationary
NO_DEVICE,0,196.68132629914547,241.15240484993146
NO_DEVICE,1,202.46788086876947,405.41487837932976
NO_DEVICE,2,0.0,0.0
TABLE,0,404.2573738592004,193.61498117350857
TABLE,1,1198.4879349663843,806.0641176568649
TABLE,2,39.3483709273183,17.67199764521193
SCREEN,0,474.55150154936194,606.3053892681087
SCREEN,1,223.40215976449062,233.65669365769816
SCREEN,2,4.596491228070176,15.366954474097327
