Point,x,y
NO,126.53011322021486,173.4242095947266
SO,149.78814697265628,623.6828002929689
SE,1184.7161865234377,619.3941040039062
NE,1189.6715087890623,145.84739685058594
