Point,x,y
NO,54.475143432617166,143.9344482421875
SO,99.27634429931642,603.3641357421874
SE,1132.4888916015627,597.4284057617188
NE,1156.3956298828125,123.8666000366211
