Point,x,y
NO,65.8173599243164,139.4971466064453
SO,106.8672103881836,617.3303833007812
SE,1177.1901855468752,617.1912841796875
NE,1209.9403076171875,128.2637786865234
