Point,x,y
NO,132.65992736816412,163.3756103515625
SO,118.02066040039062,611.2891235351562
SE,1159.8972167968752,612.338684082031
NE,1142.1644287109377,155.51008605957028
