Point,x,y
NO,125.47755432128909,174.1310272216797
SO,152.06930541992185,623.3231201171875
SE,1183.3572998046873,619.210021972656
NE,1190.5297851562505,146.56750488281256
