Point,x,y
NO,67.62536621093749,145.62001037597656
SO,106.92816925048825,605.6030883789064
SE,1139.266967773437,607.4658813476561
NE,1169.0046386718748,134.96495056152347
