Point,x,y
NO,126.47715759277342,173.37374877929688
SO,150.55972290039065,623.3502807617188
SE,1184.7084960937502,619.0028076171872
NE,1189.8494873046875,145.7415313720703
