Point,x,y
NO,97.89700317382811,149.14749145507812
SO,134.79214477539062,604.1780395507812
SE,1155.7518310546873,602.8004150390625
NE,1182.9425048828127,136.4382019042969
