Point,x,y
NO,131.8676300048828,162.19819641113284
SO,119.91974639892578,609.971923828125
SE,1161.4140625,606.6741943359375
NE,1141.3754882812502,150.30073547363284
