Point,x,y
NO,91.92912292480469,139.0022430419922
SO,131.42718505859372,603.0258789062501
SE,1173.6669921875002,603.3775024414062
NE,1205.2762451171877,125.62690734863283
