Point,x,y
NO,119.9499740600586,151.42361450195318
SO,150.18998718261722,606.4790039062499
SE,1182.3323974609373,616.0968627929686
NE,1213.273193359375,142.4075775146484
